Наименование товара;Бренд Название
Ришбург Richebourg,Domaine de la Romanee Conti;Домен де ля Романе-Конти
Ришбург Richebourg,Domaine de la Romanee Conti;Домен де ля Романе-Конти
Романе-Сэн-Виван ( Romane-St-Vivant);Домен де ля Романе-Конти
Ля Таш (La Tache) Domaine de Romanee Conti;Домен де ля Романе-Конти
Ришбург Richebourg,Domaine de la Romanee Conti;Домен де ля Романе-Конти
Ля Таш (La Tache) Domaine de Romanee Conti;Домен де ля Романе-Конти
Виски Талискер 30 лет п/у;Талискер
Шато Анжелюс Сент-Эмильон 2007 AOC;Шато Анжелюс
"""Эмеральд Рислинг Классик""";Антинори
"""Шато Мартинас""";Антинори
Ля Таш;Домен де ля Романе-Конти
Шамп. Вдова Клико Понсардин Розе брют розовое п/уп;Вёв Клико Понсарден
Ягермайстер;Ягермайстер
Водка Белуга Трансатлантик Рейсинг (BELUGA TRANSATLANTIK RACING);Белуга
"Вино географического наименования ""Солайя""";Антинори
Виски Макаллан 12 лет Шерри BOX;Лоран-Перье
"Коньяк Мартель&К ""Мартель Коиба"" в п/у /н.м./";Мартель
"Текила ""SAUZA SILVER"" (""САУЗА СИЛЬВЕР""), 0.5 Л";Сауза
Ликер Бейлис SW;Бейлис
Синглтон Молтс Мастерс Селекшн п/у  SW;Синглтон
Орнеллайя Болгери Супериоре;Орнеллайя
Вино выдержанное Орнеллайя;Орнеллайя
Орнеллайя Болгери Супериоре;Орнеллайя
Вино ОРНЕЛЛАЙЯ Болгери;Орнеллайя
Шато Тамань 1,5 л;Шато Тамань
Водка Грей Гуз SW;Грей Гуз
Водка Мамонт;Мамонт
Вино РОССИ-БАС;Домен де ля Романе-Конти
Вино РОССИ-БАС;Домен де ля Романе-Конти
Шато Фижак Сент-Эмильон;Шато Фижак
Джонни Уокер Блэк Лэйбл 1 л п/у SW;Джонни Уокер
Фюг де ненан (помроль);Шато Ненен
Фюг де ненан (помроль);Шато Ненен
Витрина Верначча ди Сан Джиминьяно;Конти Серристори
Альма Вэлли Мерло;Альма Вэлли
Альма Вэлли Мерло;Альма Вэлли
The Lines.САПЕРАВИ-КРАСНОСТОП-ЦИМЛЯНСКИЙ ЧЕРНЫЙ;Павел Швец
Коньяк Реми Мартан XO п/у;Реми Мартан
Ягермайстер 0,7 л SW;Ягермайстер
Виски Карду 18 лет SW;Карду
Ром Гавана Клуб Аньехо 3 года 0,05 л;Гавана Клаб
Виски Синглтон 12 лет п/у SW;Синглтон
ЛЕФКАДИЯ КАБЕРНЕ WR;Лефкадия
ЛЕФКАДИЯ Шардоне Сюр ли WR;Лефкадия
"Спиртной напиток на основе джина ""БИФИТЕР ПИНК СТРОБЕРРИ"" со вкусом клубники";Бифитер
Баллантайнс Файнест SW;Баллантайнс
Гленливет 12 лет Экселленс в п/у;Гленливет
Гленливет 12 лет Экселленс в п/у;Гленливет
Джонни Уокер Блю лейбл п/у SW;Джонни Уокер
Вино Киндзмараули SW;Раевское
Виски Синглтон 15 лет п/у SW;Синглтон
Виски Карду 12 лет п/у SW;Карду
"Спиртной напиток Писко ""Барсоль Примеро Куэбранта""";Раевское
Виски шотландский купажированный Гилд;Раевское
Спиртной напиток Елоу Снейк Джамайкан Амбэр Ром;Раевское
Спиртной напиток Тики Лаверс Пайнэпл;Раевское
Напиток спиртной Сотол Оно;Раевское
Мескаль Коч Эль Мескаль Артезаналь 100% Магей Эспадин Сан Бальтазар;Раевское
Бич Хауз Голд Спайсед Мауришиус Ром;Раевское
Спиртной напиток Бич Хауз Белый Спайсед Мауришиус Ром;Раевское
Спиртной напиток Ферро Чина Балива;Раевское
Текила Очо Репосадо;Раевское
Текила Очо Бланко;Раевское
Шато д`англюде (АОС Марго);Шато Англюде
Гавана Клуб Экстра Аньехо Максимо в дер. футляре 0,5;Гавана Клаб
Вино Ф-СТИЛЬ.Саперави красное;Абрау Дюрсо
Вино Ф-СТИЛЬ.Шардоне белое;Абрау Дюрсо
Вино ВИСТАМАРЕ;Домен де ля Романе-Конти
Вино ПРОМИС;Домен де ля Романе-Конти
Вино МАГАРИ;Домен де ля Романе-Конти
Вино ЖЕВРЕ-ШАМБЕРТЕН;Домен де ля Романе-Конти
Вино ФИСЕН ЛЕ КРЕ;Домен де ля Романе-Конти
Вино ВОН-РОМАНЭ;Домен де ля Романе-Конти
Виски шотландский солодовый Олтмор 12 п/у SW;Синглтон
Ликер Бейлис SW;Бейлис
Макаллан трипл каск 12 лет п/у 0,5 л;Макаллан
"""Кубань. Таманский полуостров"" сухое красное ""Шато Тамань Селект Руж""";Шато Тамань
Коньяк Реми Мартан 1738 Аккорд Роял в п/у  SW;Реми Мартан
Органик аквавит О.П. Анде, 0.5 л, 37.5%,;Ягермайстер
Мартель Кордон Блю п/у;Мартель
Баллантайнс 30 лет п/у;Баллантайнс
